{"train_size": 317555, "dev_size": 210424, "test_size": 210424, "max_vals": [63.803750000000946, 18.0, 100.89631585159135, 1.0, 10.0, 75.66666666666667, 13.111111111111114, 101.027711506729, 12.0, 1.0, 72.6, 14.609533333333578, 100.5997237139341, 1.0, 1.0, 68.5, 20.83333333333333, 100.63453211884271, 16.68800000000192, 1.0, 70.5, 18.333333333333332, 101.00821156515471, 1.0, 17.0, 69.6, 9.4, 100.71285591947006, 14.6200000000008, 1.0, 40.0, 11.346666666666959, 100.83997584848699, 1.0, 24.0, 34.0, 12.141666666667032, 100.97609855920761, 1.0, 18.0, 29.5, 21.348000000000564, 100.99998245268428, 22.0, 1.0, 29.0, 62.126500000000306, 101.0, 1.0, 22.0, 29.0, 62.126500000000306, 101.0, 5.333333333333333, 1.0], "mean_vals": [21.5, 2.0, 93.4590299732678, 0.0, 2.0, 25.33333333333333, 1.8888888888888888, 95.72116071602804, 2.0, 0.0, 24.8, 2.5333333333333328, 88.11907421922245, 0.0, 0.0, 20.5, 3.0, 82.4758546851543, 4.0, 0.0, 24.5, 2.333333333333333, 93.69524174311081, 0.0, 5.0, 24.6, 2.5333333333333337, 89.12147578787625, 3.0, 0.0, 11.5, 2.833333333333333, 87.1372953267659, 0.0, 6.5, 9.5, 2.166666666666667, 92.10341314413057, 0.0, 4.0, 9.0, 1.8333333333333333, 96.24126592012092, 2.0, 0.0, 8.0, 3.0, 90.04899526745268, 0.0, 3.0, 8.0, 3.0, 90.04899526745268, 0.6666666666666666, 0.0], "num_cols": 55, "seg_lens": [589.6261545155295, 410.8746625843867, 1118.3591557424909, 792.5294865119573, 107.23153323503165, 837.5278069249955, 259.0035128830314, 862.296408380039, 1147.138510395216, 561.3937811740983, 531.1225478754958], "num_segs": 11}