{"train_size": 317546, "dev_size": 210418, "test_size": 210418, "max_vals": [71.0, 1.0, 100.0999, 0.0, 0.0, 69.0, 20.916666666666668, 99.99951442904431, 0.0, 11.0, 81.0, 15.277777777777779, 100.06612978997968, 13.0, 0.0, 77.2, 17.46666666666667, 99.91924252521684, 0.0, 0.0, 71.0, 23.66666666666667, 99.96882714649469, 19.0, 0.0, 73.0, 19.83333333333333, 100.03889400517252, 0.0, 18.0, 71.6, 10.2, 99.99851829823957, 18.0, 0.0, 42.5, 22.666666666666664, 99.99985052450269, 0.0, 25.5, 37.0, 19.666666666666668, 99.99959238824756, 0.0, 21.0, 31.5, 33.0, 99.99999999891544, 26.0, 0.0, 33.0, 74.0, 100.0, 0.0, 25.0, 33.0, 74.0, 100.0, 5.333333333333333, 0.0], "num_cols": 60, "seg_lens": [585.770178624991, 589.6261545155295, 410.8746625843867, 1118.3591557424909, 792.5294865119573, 107.23153323503165, 837.5278069249955, 259.0035128830314, 862.296408380039, 1147.138510395216, 561.3937811740983, 531.1225478754958], "num_segs": 12}