{"train_size": 317555, "dev_size": 210424, "test_size": 210424, "max_vals": [71.0, 1.0, 100.0999, 0.0, 0.0, 69.0, 20.916666666666668, 100.0020329698233, 0.0, 11.0, 81.66666666666667, 19.555555555555557, 100.06612978997968, 16.0, 0.0, 77.2, 18.666666666666668, 99.91924252521684, 0.0, 0.0, 72.0, 30.33333333333333, 99.97123370844159, 19.0, 0.0, 73.0, 19.83333333333333, 100.04138198956488, 0.0, 20.0, 71.6, 10.2, 99.99851829823957, 18.0, 0.0, 42.5, 22.666666666666664, 99.99985052450269, 0.0, 25.5, 37.0, 19.666666666666668, 99.99959238824756, 0.0, 21.0, 31.5, 33.0, 99.99999999891544, 26.0, 0.0, 34.0, 74.5, 100.0, 0.0, 25.0, 34.0, 74.5, 100.0, 5.333333333333333, 0.0], "mean_vals": [18.0, 1.0, 100.0308, 0.0, 0.0, 21.5, 2.0, 93.4590299732678, 0.0, 2.0, 25.33333333333333, 1.8888888888888888, 95.72116071602804, 2.0, 0.0, 24.8, 2.5333333333333328, 88.11907421922245, 0.0, 0.0, 20.5, 3.0, 82.4758546851543, 4.0, 0.0, 24.5, 2.333333333333333, 93.69524174311081, 0.0, 5.0, 24.6, 2.5333333333333337, 89.12147578787625, 3.0, 0.0, 11.5, 2.833333333333333, 87.1372953267659, 0.0, 6.5, 9.5, 2.166666666666667, 92.10341314413057, 0.0, 4.0, 9.0, 1.8333333333333333, 96.24126592012092, 2.0, 0.0, 8.0, 3.0, 90.04899526745268, 0.0, 3.0, 8.0, 3.0, 90.04899526745268, 0.6666666666666666, 0.0], "num_cols": 60, "seg_lens": [585.770178624991, 589.6261545155295, 410.8746625843867, 1118.3591557424909, 792.5294865119573, 107.23153323503165, 837.5278069249955, 259.0035128830314, 862.296408380039, 1147.138510395216, 561.3937811740983, 531.1225478754958], "num_segs": 12}