{"train_size": 210423, "dev_size": 210423, "test_size": 210423, "max_vals": [64.251, 18.042583333333468, 100.89787705089879, 1.001, 10.001, 76.001, 13.112111111111114, 101.02895432176035, 12.001, 1.001, 1.0, 1.0, 1.0, 1.001, 1.001, 72.50100000000037, 14.767666666667031, 100.61130488053658, 1.001, 1.001, 1.0, 1.0, 1.0, 16.000999999999998, 1.001, 68.75000000000071, 21.000333333333806, 100.64882416044506, 1.001, 1.001, 70.75000000000071, 18.334333333333333, 101.00941961445893, 1.001, 17.001, 1.0, 1.0, 1.0, 1.001, 1.001, 70.1006000000003, 9.467400000000186, 100.76188731060002, 14.001, 1.001, 1.0, 1.0, 1.0, 1.001, 24.250000000000707, 40.001, 11.334333333333333, 100.8744870920675, 1.001, 1.001, 1.0, 1.0, 1.0, 1.001, 18.001, 34.001, 11.831000000000532, 100.97435599295005, 1.001, 1.001, 1.0, 1.0, 1.0, 22.001, 1.001, 29.501, 19.494333333334396, 101.00098590103761, 1.001, 1.001, 28.001, 61.74450000000049, 101.001, 1.001, 21.001, 28.001, 61.74450000000049, 101.001, 5.001, 1.001], "mean_vals": [21.751, 2.084333333333333, 93.44697505712492, 0.001, 1.001, 26.001, 1.8898888888888887, 95.69603593232337, 1.001, 0.001, 0.0, 0.0, 0.0, 0.001, 0.001, 25.001, 2.5343333333333335, 87.97727653987448, 0.001, 0.001, 0.0, 0.0, 0.0, 3.001, 0.001, 20.501, 3.001, 82.36208158937801, 0.001, 0.001, 24.501, 2.334333333333333, 93.55725848241009, 0.001, 4.001, 0.0, 0.0, 0.0, 0.001, 0.001, 24.601000000000003, 2.601, 88.95439468398973, 1.001, 0.001, 0.0, 0.0, 0.0, 0.001, 6.501, 11.501, 2.834333333333333, 87.059016733987, 0.001, 0.001, 0.0, 0.0, 0.0, 0.001, 3.001, 9.501, 2.1676666666666664, 92.1237291973857, 0.001, 0.001, 0.0, 0.0, 0.0, 1.001, 0.001, 9.001, 1.8343333333333331, 96.31868666912705, 0.001, 0.001, 7.001, 2.501, 90.02899423254877, 0.001, 3.001, 7.001, 2.501, 90.02899423254877, 0.001, 0.001], "num_cols": 85, "seg_lens": [590.0, 411.0, 559.0, 559.0, 396.5, 396.5, 523.0, 419.0, 419.0, 468.0, 468.0, 431.0, 431.0, 573.5, 573.5, 561.0, 531.0], "num_segs": 17}