{"train_size": 317546, "dev_size": 210418, "test_size": 210418, "max_vals": [71.0, 1.0, 100.0999, 0.0, 0.0, 69.0, 20.916666666666668, 99.99951442904431, 0.0, 11.0, 81.0, 15.277777777777779, 100.06612978997968, 13.0, 0.0, 77.2, 17.46666666666667, 99.91924252521684, 0.0, 0.0, 71.0, 23.66666666666667, 99.96882714649469, 19.0, 0.0, 73.0, 19.83333333333333, 100.03889400517252, 0.0, 18.0, 71.6, 10.2, 99.99851829823957, 18.0, 0.0, 42.5, 22.666666666666664, 99.99985052450269, 0.0, 25.5, 37.0, 19.666666666666668, 99.99959238824756, 0.0, 21.0, 31.5, 33.0, 99.99999999891544, 26.0, 0.0, 33.0, 74.0, 100.0, 0.0, 25.0, 33.0, 74.0, 100.0, 5.333333333333333, 0.0], "mean_vals": [19.590206805338465, 1.0, 98.30766193073053, 0.0, 0.0, 21.791683653659483, 2.475107154632382, 91.58780347439087, 0.0, 2.2603770321687997, 25.93542771021722, 2.2533259004293646, 93.32956777105034, 2.790019926934573, 0.0, 25.363439798683878, 2.8870202723614655, 86.38085130620345, 0.0, 0.0, 22.905689350205066, 3.587069487963046, 80.8372654148856, 4.013278931750742, 0.0, 25.321588497556608, 3.0322376310393935, 89.89991047259907, 0.0, 4.987037537132055, 25.032273067675554, 2.8252412535343154, 87.59152261138193, 3.3131228540323256, 0.0, 12.23439944638344, 3.095149895751091, 86.00638007833459, 0.0, 7.009746012994684, 10.1947789386695, 2.3703831188267026, 90.0923665225386, 0.0, 4.501153652029706, 9.326653811925246, 2.069571633614336, 93.36478372281917, 2.870787073750991, 0.0, 8.640864058189115, 4.956194519490544, 84.12661719299872, 0.0, 4.499712395743457, 8.640864058189115, 4.956194519490544, 84.12661719299872, 0.9123919963619871, 0.0], "num_cols": 60, "seg_lens": [585.770178624991, 589.6261545155295, 410.8746625843867, 1118.3591557424909, 792.5294865119573, 107.23153323503165, 837.5278069249955, 259.0035128830314, 862.296408380039, 1147.138510395216, 561.3937811740983, 531.1225478754958], "num_segs": 12}