{"train_size": 317555, "dev_size": 210424, "test_size": 210424, "max_vals": [63.79875000000063, 18.001, 100.89731585159136, 1.001, 10.001, 75.66766666666668, 13.112111111111114, 101.028711506729, 12.001, 1.001, 1.0, 1.0, 1.0, 1.001, 1.001, 72.601, 14.610533333333578, 100.6007237139341, 1.001, 1.001, 1.0, 1.0, 1.0, 16.000999999999998, 1.001, 68.501, 20.83433333333333, 100.63553211884272, 1.001, 1.001, 70.501, 18.334333333333333, 101.00921156515471, 1.001, 17.001, 1.0, 1.0, 1.0, 1.001, 1.001, 69.601, 9.401, 100.71385591947006, 14.001, 1.001, 1.0, 1.0, 1.0, 1.001, 24.001, 40.001, 11.334333333333333, 100.84097584848699, 1.001, 1.001, 1.0, 1.0, 1.0, 1.001, 18.001, 34.001, 12.023166666666938, 100.97709855920762, 1.001, 1.001, 1.0, 1.0, 1.0, 21.001, 1.001, 29.501, 21.334333333333337, 101.00098245268427, 1.001, 1.001, 29.001, 61.501, 101.001, 1.001, 21.001, 29.001, 61.501, 101.001, 5.001, 1.001], "mean_vals": [21.251, 2.001, 93.46002997326781, 0.001, 1.001, 25.33433333333333, 1.8898888888888887, 95.72216071602804, 1.001, 0.001, 0.0, 0.0, 0.0, 0.001, 0.001, 24.801000000000002, 2.5343333333333327, 88.12007421922246, 0.001, 0.001, 0.0, 0.0, 0.0, 2.001, 0.001, 20.501, 3.001, 82.47685468515431, 0.001, 0.001, 24.001, 2.334333333333333, 93.69624174311082, 0.001, 4.001, 0.0, 0.0, 0.0, 0.001, 0.001, 24.601000000000003, 2.5343333333333335, 89.12247578787625, 1.001, 0.001, 0.0, 0.0, 0.0, 0.001, 6.501, 11.001, 2.667666666666667, 87.1382953267659, 0.001, 0.001, 0.0, 0.0, 0.0, 0.001, 3.001, 9.501, 2.1676666666666664, 92.10441314413058, 0.001, 0.001, 0.0, 0.0, 0.0, 1.001, 0.001, 9.001, 1.8343333333333331, 96.24226592012093, 0.001, 0.001, 7.001, 2.501, 90.04999526745269, 0.001, 3.001, 7.001, 2.501, 90.04999526745269, 0.001, 0.001], "num_cols": 85, "seg_lens": [590.0, 411.0, 559.0, 559.0, 396.5, 396.5, 523.0, 419.0, 419.0, 468.0, 468.0, 431.0, 431.0, 573.5, 573.5, 561.0, 531.0], "num_segs": 17}