{
    "accuracy": 0.3448919355869293,
    "loss": 506.5177307128906,
    "volume_acc": 0.4130067229270935,
    "occ_accuracy": 0.2792845070362091
}