{
    "accuracy": 0.7484799027442932,
    "loss": 76.68896484375
}