{
    "accuracy": 0.955115556716919,
    "loss": 1545.1453857421875
}