{
    "accuracy": 0.5564910173416138,
    "loss": 118.66571044921875
}