{
    "accuracy": 0.4605807065963745,
    "loss": 5915798.0,
    "volume_acc": 0.5134183764457703,
    "occ_accuracy": 0.397174596786499
}