{
    "accuracy": 0.48071348667144775,
    "loss": 217940.015625
}