{
    "accuracy": 0.49436432123184204,
    "loss": 213.79237365722656
}