{
    "accuracy": 0.21816016733646393,
    "loss": 1780103.25,
    "volume_acc": 0.2632630169391632,
    "occ_accuracy": 0.1614188253879547
}