{
    "accuracy": 0.9537072777748108,
    "loss": 1620.3153076171875
}