{
    "accuracy": 0.28177106380462646,
    "loss": 968.3619995117188
}