{
    "accuracy": 0.4967096149921417,
    "loss": 214.81134033203125
}