{
    "accuracy": 0.2847486138343811,
    "loss": 983.72705078125
}